{"v":"5.5.7","meta":{"g":"LottieFiles AE 0.1.20","a":"ekacho","k":"","d":"","tc":""},"fr":60,"ip":0,"op":74,"w":600,"h":600,"nm":"preloader shapes","ddd":0,"assets":[],"layers":[{"ddd":0,"ind":1,"ty":4,"nm":"square","sr":1,"ks":{"o":{"a":0,"k":100,"ix":11},"r":{"a":0,"k":0,"ix":10},"p":{"a":1,"k":[{"i":{"x":0.999,"y":1},"o":{"x":1,"y":0},"t":0,"s":[163,325,0],"to":[0,25,0],"ti":[0,0,0]},{"i":{"x":0.405,"y":0.405},"o":{"x":0.595,"y":0.595},"t":22,"s":[163,475,0],"to":[0,0,0],"ti":[0,0,0]},{"i":{"x":0,"y":1},"o":{"x":0,"y":0},"t":42,"s":[163,475,0],"to":[0,0,0],"ti":[0,5.304,0]},{"t":64,"s":[163,325,0]}],"ix":2},"a":{"a":0,"k":[109,31,0],"ix":1},"s":{"a":1,"k":[{"i":{"x":[0.999,0.999,0.999],"y":[1,1,1]},"o":{"x":[1,1,1],"y":[0,0,0]},"t":0,"s":[100,100,100]},{"i":{"x":[0.536,0.536,0.536],"y":[1,1,1]},"o":{"x":[0.27,0.27,0.27],"y":[0,0,0]},"t":22,"s":[70,130,100]},{"i":{"x":[0.536,0.536,0.536],"y":[1,1,1]},"o":{"x":[0.424,0.424,0.424],"y":[0,0,0]},"t":28,"s":[140,60,100]},{"i":{"x":[0.999,0.999,0.999],"y":[1,1,1]},"o":{"x":[0.424,0.424,0.424],"y":[0,0,0]},"t":36,"s":[140,60,100]},{"i":{"x":[0.48,0.48,0.48],"y":[1,1,1]},"o":{"x":[0.27,0.27,0.27],"y":[0,0,0]},"t":42,"s":[70,130,100]},{"t":64,"s":[100,100,100]}],"ix":6}},"ao":0,"shapes":[{"ty":"gr","it":[{"ind":0,"ty":"sh","ix":1,"ks":{"a":1,"k":[{"i":{"x":0.833,"y":0.833},"o":{"x":0.167,"y":0.167},"t":0,"s":[{"i":[[0,0],[0,0],[0,0],[0,0]],"o":[[0,0],[0,0],[0,0],[0,0]],"v":[[34,-34],[34,34],[-34,34],[-34,-34]],"c":true}]},{"i":{"x":0.833,"y":0.833},"o":{"x":0.167,"y":0.167},"t":22,"s":[{"i":[[-4.714,-3.154],[-4,-19.615],[6.143,3.846],[4.714,18]],"o":[[-1.857,14.923],[-4,1.538],[3.286,-14.231],[6.857,-2]],"v":[[34,-34],[34,34],[-34,34],[-34,-34]],"c":true}]},{"i":{"x":0.833,"y":0.833},"o":{"x":0.167,"y":0.167},"t":28,"s":[{"i":[[-14.893,5.5],[4.571,-15],[4.536,0.833],[-5.464,15.917]],"o":[[4.571,10.5],[-4,0],[-5.286,-19.167],[12.393,3.417]],"v":[[34,-33.167],[34,34],[-34,34],[-33.107,-33.167]],"c":true}]},{"i":{"x":0.833,"y":0.833},"o":{"x":0.167,"y":0.167},"t":36,"s":[{"i":[[-14.893,5.5],[4.571,-15],[4.536,0.833],[-5.464,15.917]],"o":[[4.571,10.5],[-4,0],[-5.286,-19.167],[12.393,3.417]],"v":[[34,-33.167],[34,34],[-34,34],[-33.107,-33.167]],"c":true}]},{"i":{"x":0.833,"y":0.833},"o":{"x":0.167,"y":0.167},"t":42,"s":[{"i":[[-4.714,-3.154],[-4,-19.615],[6.143,3.846],[4.714,18]],"o":[[-1.857,14.923],[-4,1.538],[3.286,-14.231],[6.857,-2]],"v":[[34,-34],[34,34],[-34,34],[-34,-34]],"c":true}]},{"t":64,"s":[{"i":[[0,0],[0,0],[0,0],[0,0]],"o":[[0,0],[0,0],[0,0],[0,0]],"v":[[34,-34],[34,34],[-34,34],[-34,-34]],"c":true}]}],"ix":2},"nm":"Path 1","mn":"ADBE Vector Shape - Group","hd":false},{"ty":"fl","c":{"a":0,"k":[0.053056514964,0.292746929094,0.901960784314,1],"ix":4},"o":{"a":0,"k":100,"ix":5},"r":1,"bm":0,"nm":"Fill 1","mn":"ADBE Vector Graphic - Fill","hd":false},{"ty":"tr","p":{"a":0,"k":[109,-3],"ix":2},"a":{"a":0,"k":[0,0],"ix":1},"s":{"a":0,"k":[100,100],"ix":3},"r":{"a":0,"k":0,"ix":6},"o":{"a":0,"k":100,"ix":7},"sk":{"a":0,"k":0,"ix":4},"sa":{"a":0,"k":0,"ix":5},"nm":"Transform"}],"nm":"Rectangle 1","np":3,"cix":2,"bm":0,"ix":1,"mn":"ADBE Vector Group","hd":false}],"ip":0,"op":75,"st":0,"bm":0},{"ddd":0,"ind":2,"ty":4,"nm":"circle","sr":1,"ks":{"o":{"a":0,"k":100,"ix":11},"r":{"a":0,"k":0,"ix":10},"p":{"a":1,"k":[{"i":{"x":0.999,"y":1},"o":{"x":1,"y":0},"t":5,"s":[300,325,0],"to":[0,25,0],"ti":[0,0,0]},{"i":{"x":0.405,"y":0.405},"o":{"x":0.595,"y":0.595},"t":27,"s":[300,475,0],"to":[0,0,0],"ti":[0,0,0]},{"i":{"x":0,"y":1},"o":{"x":0,"y":0},"t":47,"s":[300,475,0],"to":[0,0,0],"ti":[0,5.304,0]},{"t":69,"s":[300,325,0]}],"ix":2},"a":{"a":0,"k":[-38,3,0],"ix":1},"s":{"a":1,"k":[{"i":{"x":[0.999,0.999,0.999],"y":[1,1,1]},"o":{"x":[1,1,1],"y":[0,0,0]},"t":5,"s":[100,100,100]},{"i":{"x":[0.536,0.536,0.536],"y":[1,1,1]},"o":{"x":[0.27,0.27,0.27],"y":[0,0,0]},"t":27,"s":[80,120,100]},{"i":{"x":[0.576,0.576,0.576],"y":[1,1,1]},"o":{"x":[0.424,0.424,0.424],"y":[0,0,0]},"t":33,"s":[135,65,100]},{"i":{"x":[0.674,0.674,0.674],"y":[1,1,1]},"o":{"x":[0.464,0.464,0.464],"y":[0,0,0]},"t":41,"s":[135,65,100]},{"i":{"x":[0.48,0.48,0.48],"y":[1,1,1]},"o":{"x":[0.001,0.001,0.001],"y":[0,0,0]},"t":47,"s":[80,120,100]},{"t":69,"s":[100,100,100]}],"ix":6}},"ao":0,"shapes":[{"ty":"gr","it":[{"d":1,"ty":"el","s":{"a":0,"k":[74,74],"ix":2},"p":{"a":0,"k":[0,0],"ix":3},"nm":"Ellipse Path 1","mn":"ADBE Vector Shape - Ellipse","hd":false},{"ty":"fl","c":{"a":0,"k":[1,0.682352941176,0,1],"ix":4},"o":{"a":0,"k":100,"ix":5},"r":1,"bm":0,"nm":"Fill 1","mn":"ADBE Vector Graphic - Fill","hd":false},{"ty":"tr","p":{"a":0,"k":[-38,-34],"ix":2},"a":{"a":0,"k":[0,0],"ix":1},"s":{"a":0,"k":[100,100],"ix":3},"r":{"a":0,"k":0,"ix":6},"o":{"a":0,"k":100,"ix":7},"sk":{"a":0,"k":0,"ix":4},"sa":{"a":0,"k":0,"ix":5},"nm":"Transform"}],"nm":"Ellipse 1","np":3,"cix":2,"bm":0,"ix":1,"mn":"ADBE Vector Group","hd":false}],"ip":0,"op":75,"st":5,"bm":0},{"ddd":0,"ind":3,"ty":4,"nm":"Triangle","sr":1,"ks":{"o":{"a":0,"k":100,"ix":11},"r":{"a":0,"k":0,"ix":10},"p":{"a":1,"k":[{"i":{"x":0.999,"y":1},"o":{"x":1,"y":0},"t":10,"s":[436,325,0],"to":[0,25,0],"ti":[0,0,0]},{"i":{"x":0.405,"y":0.405},"o":{"x":0.595,"y":0.595},"t":32,"s":[436,475,0],"to":[0,0,0],"ti":[0,0,0]},{"i":{"x":0,"y":1},"o":{"x":0,"y":0},"t":52,"s":[436,475,0],"to":[0,0,0],"ti":[0,5.304,0]},{"t":74,"s":[436,325,0]}],"ix":2},"a":{"a":0,"k":[142,-0.688,0],"ix":1},"s":{"a":1,"k":[{"i":{"x":[0.999,0.999,0.999],"y":[1,1,1]},"o":{"x":[1,1,1],"y":[0,0,0]},"t":10,"s":[100,100,100]},{"i":{"x":[0.536,0.536,0.536],"y":[1,1,1]},"o":{"x":[0.27,0.27,0.27],"y":[0,0,0]},"t":32,"s":[70,130,100]},{"i":{"x":[0.536,0.536,0.536],"y":[1,1,1]},"o":{"x":[0.424,0.424,0.424],"y":[0,0,0]},"t":38,"s":[140,60,100]},{"i":{"x":[0.999,0.999,0.999],"y":[1,1,1]},"o":{"x":[0.424,0.424,0.424],"y":[0,0,0]},"t":46,"s":[140,60,100]},{"i":{"x":[0.48,0.48,0.48],"y":[1,1,1]},"o":{"x":[0.27,0.27,0.27],"y":[0,0,0]},"t":52,"s":[70,130,100]},{"t":74,"s":[100,100,100]}],"ix":6}},"ao":0,"shapes":[{"ty":"gr","it":[{"ind":0,"ty":"sh","ix":1,"ks":{"a":1,"k":[{"i":{"x":0.833,"y":0.833},"o":{"x":0.167,"y":0.167},"t":10,"s":[{"i":[[0,0],[0,0],[0,0]],"o":[[0,0],[0,0],[0,0]],"v":[[0,-48.406],[42.849,25.812],[-42.849,25.812]],"c":true}]},{"i":{"x":0.833,"y":0.833},"o":{"x":0.167,"y":0.167},"t":32,"s":[{"i":[[-5.357,18.448],[0,0],[-0.008,0]],"o":[[5.357,18.448],[0,0],[-0.008,0]],"v":[[0,-48.406],[42.849,25.812],[-42.849,25.812]],"c":true}]},{"i":{"x":0.833,"y":0.833},"o":{"x":0.167,"y":0.167},"t":38,"s":[{"i":[[-16.25,9.634],[-4.456,-25.417],[0.171,0.417]],"o":[[14.107,10.051],[-5.349,-0.417],[3.385,-24.583]],"v":[[0,-48.406],[42.849,25.812],[-42.849,25.812]],"c":true}]},{"i":{"x":0.833,"y":0.833},"o":{"x":0.167,"y":0.167},"t":46,"s":[{"i":[[-16.25,9.634],[-4.456,-25.417],[0.171,0.417]],"o":[[14.107,10.051],[-5.349,-0.417],[3.385,-24.583]],"v":[[0,-48.406],[42.849,25.812],[-42.849,25.812]],"c":true}]},{"i":{"x":0.833,"y":0.833},"o":{"x":0.167,"y":0.167},"t":52,"s":[{"i":[[-5.357,18.448],[0,0],[-0.008,0]],"o":[[5.357,18.448],[0,0],[-0.008,0]],"v":[[0,-48.406],[42.849,25.812],[-42.849,25.812]],"c":true}]},{"t":74,"s":[{"i":[[0,0],[0,0],[0,0]],"o":[[0,0],[0,0],[0,0]],"v":[[0,-48.406],[42.849,25.812],[-42.849,25.812]],"c":true}]}],"ix":2},"nm":"Path 1","mn":"ADBE Vector Shape - Group","hd":false},{"ty":"fl","c":{"a":0,"k":[0.956862745098,0.225144165637,0.127581682392,1],"ix":4},"o":{"a":0,"k":100,"ix":5},"r":1,"bm":0,"nm":"Fill 1","mn":"ADBE Vector Graphic - Fill","hd":false},{"ty":"tr","p":{"a":0,"k":[142,-26.5],"ix":2},"a":{"a":0,"k":[0,0],"ix":1},"s":{"a":0,"k":[100,100],"ix":3},"r":{"a":0,"k":0,"ix":6},"o":{"a":0,"k":100,"ix":7},"sk":{"a":0,"k":0,"ix":4},"sa":{"a":0,"k":0,"ix":5},"nm":"Transform"}],"nm":"Polystar 1","np":3,"cix":2,"bm":0,"ix":1,"mn":"ADBE Vector Group","hd":false}],"ip":0,"op":75,"st":10,"bm":0}],"markers":[]}